adam-cole	adam-cole
aj-styles	aj-styles
alberto-del-rio	alberto-del-rio
alex-riley	alex-riley
batista	batista
beth-phoenix	beth-phoenix
bianca-belair	bianca-belair
big-boss-man	the-big-bossman
big-e	big-e
big-show	the-big-show
bob-backlund	bob-backlund
bob-orton	bob-orton
bobby-lashley	bobby-lashley
booker-t	booker-t
bret-hart	bret-hart
brock-lesnar	brock-lesnar
brodus-clay	brodus-clay
bubba-ray-dudley	bubba-ray-dudley
cesaro	cesaro
charlotte-flair	charlotte-flair
chris-masters	chris-masters
chyna	chyna
cody-rhodes	cody-rhodes
curt-hawkins	curt-hawkins
curtis-axel	curtis-axel
d-von-dudley	d-von-dudley
david-hart-smith	david-hart-smith
david-otunga	david-otunga
diamond-dallas-page	diamond-dallas-page
dolph-ziggler	dolph-ziggler
drew-mcintyre	drew-mcintyre
dusty-rhodes	dusty-rhodes
eddie-guerrero	eddie-guerrero
eric-bischoff	eric-bischoff
evan-bourne	evan-bourne
eve	eve-torres
ezekiel-jackson	ezekiel-jackson
fandango	fandango
goldberg	goldberg
goldust	goldust
hacksaw-jim-duggan	jim-duggan
hardcore-holly	hardcore-holly
hawk	hawk
heath-slater	heath-slater
honky-tonk-man	the-honky-tonk-man
hornswoggle	hornswoggle
hulk-hogan	hulk-hogan
iron-sheik	the-iron-sheik
jack-swagger	jack-swagger
jbl	john-bradshaw-layfield
jeff-hardy	jeff-hardy
jeff-jarrett	jeff-jarrett
jerry-lawler	jerry-the-king-lawler
jinder-mahal	jinder-mahal
john-cena	john-cena
josh-mathews	josh-mathews
jtg	jtg
justin-gabriel	justin-gabriel
kane	kane
kevin-nash	kevin-nash
kevin-owens	kevin-owens
kofi-kingston	kofi-kingston
kurt-angle	kurt-angle
lita	lita
logan-paul	logan-paul
mark-henry	mark-henry
mason-ryan	mason-ryan
matt-hardy	matt-hardy
michael-cole	michael-cole
michelle-mc-cool	michelle-mccool
mickie-james	mickie-james
molly-holly	molly-holly
mr-perfect-curt-hennig	mr-perfect
mvp	mvp
paul-heyman	paul-heyman
primo-colon	primo-colon
r-truth	r-truth
razor-ramon	scott-hall
rey-mysterio	rey-mysterio
rhyno	rhyno
ric-flair	ric-flair
ricardo-rodriguez	ricardo-rodriguez
ricky-steamboat	ricky-the-dragon-steamboat
rikishi	rikishi
rob-van-dam	rob-van-dam
roddy-piper	roddy-piper
ron-simmons	ron-simmons
sabu	sabu
sami-zayn	sami-zayn
samoa-joe	samoa-joe
sasha-banks	sasha-banks
sgt-slaughter	sgt-slaughter
shane-mcmahon	shane-mcmahon
shawn-michaels	shawn-michaels
sheamus	sheamus
shelton-benjamin	shelton-benjamin
shinsuke-nakamura	shinsuke-nakamura
sin-cara	sin-cara
stacy-keibler	stacy-keibler
stephanie-mcmahon	stephanie-mcmahon
stevie-richards	stevie-richards
sting	sting
stone-cold-steve-austin	steve-austin
tazz	tazz
ted-dibiase-jr	ted-dibiase-jr
the-godfather	the-godfather
the-great-khali	the-great-khali
the-hurricane	the-hurricane
the-miz	the-miz
the-rock	the-rock
torrie-wilson	torrie-wilson
trent-beretta	trent-barreta
triple-h	triple-h
trish-stratus	trish-stratus
tyler-reks	tyler-reks
tyson-kidd	tyson-kidd
umaga	umaga
vader	vader
victoria	victoria
vladamir-kozlov	vladimir-kozlov
wade-barrett	wade-barrett
william-regal	william-regal
x-pac	x-pac
xavier-woods	xavier-woods
yoshi-tatsu	yoshi-tatsu
zack-ryder	zack-ryder
