# wrestlers fetched directly from SDH full-body dir (slug<TAB>sdh-source-name)	captured 2026-06-29
randy-orton	randy-orton
chris-jericho	chris-jericho
seth-rollins	seth-rollins
jey-uso	jey-uso
edge	edge
roman-reigns	roman-reigns
jimmy-uso	jimmy-uso
daniel-bryan	daniel-bryan
natalya	natalya
dean-ambrose	dean-ambrose
cm-punk	cm-punk
christian	christian
the-undertaker	undertaker
chris-benoit	chris-benoit
bayley	bayley
naomi	naomi
finn-blor	finn-balor
becky-lynch	becky-lynch
john-morrison	john-morrison
ryback	ryback
rusev	rusev
braun-strowman	braun-strowman
asuka	asuka
chavo-guerrero-jr	chavo-guerrero
bray-wyatt	bray-wyatt
alicia-fox	alicia-fox
santino-marella	santino-marella
montel-vontavious-porter	mvp
nia-jax	nia-jax
alexa-bliss	alexa-bliss
brie-bella	brie-bella
liv-morgan	liv-morgan
carlito	carlito
baron-corbin	baron-corbin
ricochet	ricochet
nikki-bella	nikki-bella
luke-harper	luke-harper
montez-ford	montez-ford
luke-gallows	luke-gallows
angelo-dawkins	angelo-dawkins
finlay	finlay
shayna-baszler	shayna-baszler
erick-rowan	erick-rowan
otis	otis
layla	layla
apollo-crews	apollo-crews
tamina	tamina
charlie-haas	charlie-haas
tajiri	tajiri
jamie-noble	jamie-noble
dominik-mysterio	dominik-mysterio
karl-anderson	karl-anderson
kelly-kelly	kelly-kelly
damien-sandow	damien-sandow
ivar	ivar
melina	melina
brian-kendrick	brian-kendrick
erik	erik
rhea-ripley	rhea-ripley
test	test
andrade	andrade
bo-dallas	bo-dallas
carmella	carmella
cedric-alexander	cedric-alexander
darren-young	darren-young
kalisto	kalisto
spike-dudley	spike-dudley
dana-brooke	dana-brooke
la-knight	la-knight
austin-theory	austin-theory
paige	paige
elias	elias
paul-london	paul-london
akira-tozawa	akira-tozawa
lance-storm	lance-storm
raquel-rodriguez	raquel-rodriguez
sonya-deville	sonya-deville
viktor	viktor
konnor	konnor
tyler-breeze	tyler-breeze
aj-lee	aj-lee
kairi-sane	kairi-sane
maryse	maryse
mustafa-ali	mustafa-ali
solo-sikoa	solo-sikoa
funaki	funaki
nikki-cross	nikki-cross
aleister-black	aleister-black
gail-kim	gail-kim
johnny-gargano	johnny-gargano
billy-kidman	billy-kidman
dash-wilder	dash-wilder
gunther	gunther
mandy-rose	mandy-rose
neville	neville
scott-dawson	scott-dawson
scotty-2-hotty	scotty-2-hotty
chuck-palumbo	chuck-palumbo
ruby-riott	ruby-riott
chelsea-green	chelsea-green
bronson-reed	bronson-reed
drew-gulak	drew-gulak
rene-dupree	rene-dupree
tommaso-ciampa	tommaso-ciampa
zelina-vega	zelina-vega
val-venis	val-venis
shannon-moore	shannon-moore
kaitlyn	kaitlyn
maven	maven
mojo-rawley	mojo-rawley
trevor-murdoch	trevor-murdoch
aiden-english	aiden-english
lance-cade	lance-cade
ludwig-kaiser	ludwig-kaiser
bron-breakker	bron-breakker
eugene	eugene
super-crazy	super-crazy
billy-gunn	billy-gunn
gran-metalik	gran-metalik
lince-dorado	lince-dorado
robert-roode	robert-roode
nunzio	nunzio
peyton-royce	peyton-royce
tiffany-stratton	tiffany-stratton
jason-jordan	jason-jordan
candice-michelle	candice-michelle
rob-conway	rob-conway
enzo-amore	enzo-amore
rosey	rosey
sylvain-grenier	sylvain-grenier
tucker	tucker
omos	omos
dragon-lee	dragon-lee
orlando-jordan	orlando-jordan
ronda-rousey	ronda-rousey
tommy-dreamer	tommy-dreamer
billie-kay	billie-kay
deuce	deuce
domino	domino
rosa-mendes	rosa-mendes
roxanne-perez	roxanne-perez
adam-rose	adam-rose
lyra-valkyria	lyra-valkyria
santos-escobar	santos-escobar
rezar	rezar
grayson-waller	grayson-waller
ember-moon	ember-moon
emma	emma
dakota-kai	dakota-kai
snitsky	snitsky
akam	akam
zoey-stark	zoey-stark
angel-garza	angel-garza
doug-basham	doug-basham
jade-cargill	jade-cargill
tye-dillinger	tye-dillinger
danny-basham	danny-basham
lana	lana
piper-niven	piper-niven
matt-riddle	matt-riddle
cameron	cameron
jesse	jesse
jazz	jazz
shotzi	shotzi
summer-rae	summer-rae
albert	albert
butch	butch
paul-burchill	paul-burchill
ridge-holland	ridge-holland
tama-tonga	tama-tonga
aksana	aksana
rico	rico
jillian	jillian
karrion-kross	karrion-kross
kit-wilson	kit-wilson
scott-steiner	scott-steiner
ivory	ivory
raven	raven
giovanni-vinci	giovanni-vinci
jacob-fatu	jacob-fatu
joey-mercury	joey-mercury
madcap-moss	madcap-moss
simon-dean	simon-dean
heidenreich	heidenreich
ilja-dragunov	ilja-dragunov
julius-creed	julius-creed
mark-jindrak	mark-jindrak
brutus-creed	brutus-creed
alba-fyre	alba-fyre
elton-prince	elton-prince
al-snow	al-snow
kayden-carter	kayden-carter
jevon-evans	jevon-evans
mansoor	mansoor
simon-gotch	simon-gotch
joaquin-wilde	joaquin-wilde
keith-lee	keith-lee
axiom	axiom
cruz-del-toro	cruz-del-toro
ivy-nile	ivy-nile
luther-reigns	luther-reigns
nidia	nidia
tony-nese	tony-nese
alex-shelley	alex-shelley
giulia	giulia
mikey	mikey
chris-sabin	chris-sabin
lash-legend	lash-legend
mace	mace
murphy	murphy
nathan-frazer	nathan-frazer
tegan-nox	tegan-nox
jonathan-coachman	jonathan-coachman
maxxine-dupri	maxxine-dupri
perry-saturn	perry-saturn
johnny-stamboli	johnny-stamboli
trick-williams	trick-williams
indi-hartwell	indi-hartwell
oba-femi	oba-femi
psicosis	psicosis
stephanie-vaquer	stephanie-vaquer
tatanka	tatanka
kenzo-suzuki	kenzo-suzuki
noam-dar	noam-dar
rich-swann	rich-swann
vito	vito
dave-taylor	dave-taylor
dexter-lumis	dexter-lumis
kiana-james	kiana-james
percy-watson	percy-watson
tyler-bate	tyler-bate
vickie-guerrero	vickie-guerrero
ariya-daivari	ariya-daivari
eric-young	eric-young
joe-gacy	joe-gacy
johnny	johnny
rory-mcallister	rory-mcallister
eva-marie	eva-marie
matt-striker	matt-striker
mike-kanellis	mike-kanellis
no-way-jose	no-way-jose
robbie-mcallister	robbie-mcallister
epico-colon	epico-colon
justin-credible	justin-credible
muhammad-hassan	muhammad-hassan
rick-boogs	rick-boogs
aliyah	aliyah
jacy-jayne	jacy-jayne
jaxson-ryker	jaxson-ryker
shad-gaspard	shad-gaspard
the-boogeyman	boogeyman
kid-kash	kid-kash
rodney-mack	rodney-mack
xia-li	xia-li
alexander-wolfe	alexander-wolfe
b-fab	b-fab
bull-buchanan	bull-buchanan
jc-mateo	jc-mateo
the-road-dogg	road-dogg
top-dolla	top-dolla
big-daddy-v	big-daddy-v
ethan-page	ethan-page
grandmaster-sexay	grandmaster-sexay
roderick-strong	roderick-strong
shanky	shanky
sol-ruca	sol-ruca
cherry	cherry
dawn-marie	dawn-marie
dean-malenko	dean-malenko
isla-dawn	isla-dawn
mick-foley	mick-foley
matt-morgan	matt-morgan
steve-blackman	steve-blackman
austin-aries	austin-aries
bill-demott	bill-demott
cameron-grimes	cameron-grimes
jordynne-grace	jordynne-grace
tonga-loa	tonga-loa
el-torito	el-torito
ezekiel	ezekiel
shawn-stasiak	shawn-stasiak
the-sandman	sandman
toni-storm	toni-storm
dos-caras	dos-caras
fallon-henley	fallon-henley
james-ellsworth	james-ellsworth
kc-james	kc-james
kelani-jordan	kelani-jordan
titus-oneil	titus-o-neil
riddle	matt-riddle
maria	maria-kanellis
bobby-roode	robert-roode
michin	mia-yim
