# canonical-slug	name	matches  (no image anywhere on disk)
chad-gable	Chad Gable	256
humberto-carrillo	Humberto Carrillo	98
kenny-dykstra	Kenny Dykstra	77
t-bar	T-BAR	37
tj-perkins	TJ Perkins	30
road-warrior-animal	Road Warrior Animal	27
ashante-adonis	Ashante Adonis	22
miss-jackie	Miss Jackie	13
christy-hemme	Christy Hemme	12
caylen-croft	Caylen Croft	12
the-brooklyn-brawler	The Brooklyn Brawler	11
commander-azeez	Commander Azeez	11
duke-hudson	Duke Hudson	10
channing-stacks-lorenzo	Channing "Stacks" Lorenzo	10
will-hobbs	Will Hobbs	9
michael-tarver	Michael Tarver	9
kevin-thorn	Kevin Thorn	9
eric-escobar	Eric Escobar	9
brad-maddox	Brad Maddox	9
wesley-blake	Wesley Blake	8
ryan-braddock	Ryan Braddock	8
gunner-scott	Gunner Scott	8
colt-cabana	Colt Cabana	8
oney-lorcan	Oney Lorcan	7
joey-ryan	Joey Ryan	6
luke-hawx	Luke Hawx	5
elektra-lopez	Elektra Lopez	5
xyon-quinn	Xyon Quinn	4
von-wagner	Von Wagner	4
shaniqua	Shaniqua	4
jesus	Jesus	4
corey-graves	Corey Graves	4
wendy-choo	Wendy Choo	3
sylvester-lefort	Sylvester Lefort	3
rob-eckos	Rob Eckos	3
nash-carter	Nash Carter	3
kyle-roberts	Kyle Roberts	3
john-skyler	John Skyler	3
jeff-brooks	Jeff Brooks	3
flash-funk	Flash Funk	3
brian-thomas	Brian Thomas	3
brandon-scott	Brandon Scott	3
tyler-rust	Tyler Rust	2
sensai	Sensai	2
pocket-rocket	Pocket Rocket	2
mike-kruel	Mike Kruel	2
michael-shane	Michael Shane	2
matthew-busch	Matthew Busch	2
lil-nate	Lil Nate	2
john-silver	John Silver	2
jaylee	Jaylee	2
garrett-dylan	Garrett Dylan	2
dustin-lawyer	Dustin Lawyer	2
derek-werley	Derek Werley	2
delilah-dawson	Delilah Dawson	2
corey-hollis	Corey Hollis	2
americo	Americo	2
alex-malcom	Alex Malcom	2
abe-jackson	Abe Jackson	2
