slug	name	total_matches
randy-orton	Randy Orton	996
john-cena	John Cena	869
kane	Kane	797
sheamus	Sheamus	783
kofi-kingston	Kofi Kingston	774
the-miz	The Miz	770
the-big-show	The Big Show	766
dolph-ziggler	Dolph Ziggler	760
rey-mysterio	Rey Mysterio	680
chris-jericho	Chris Jericho	662
seth-rollins	Seth Rollins	603
jey-uso	Jey Uso	529
edge	Edge	511
cesaro	Cesaro	505
roman-reigns	Roman Reigns	501
jimmy-uso	Jimmy Uso	472
drew-mcintyre	Drew McIntyre	468
cody-rhodes	Cody Rhodes	466
daniel-bryan	Daniel Bryan	456
natalya	Natalya	454
jeff-hardy	Jeff Hardy	442
dean-ambrose	Dean Ambrose	429
triple-h	Triple H	421
cm-punk	CM Punk	418
matt-hardy	Matt Hardy	404
r-truth	R-Truth	403
christian	Christian	397
kevin-owens	Kevin Owens	389
batista	Batista	387
shelton-benjamin	Shelton Benjamin	386
alberto-del-rio	Alberto Del Rio	379
big-e	Big E	375
aj-styles	AJ Styles	374
mark-henry	Mark Henry	372
the-undertaker	The Undertaker	363
jack-swagger	Jack Swagger	357
sami-zayn	Sami Zayn	340
kurt-angle	Kurt Angle	332
chris-benoit	Chris Benoit	325
rob-van-dam	Rob Van Dam	319
bayley	Bayley	307
naomi	Naomi	297
xavier-woods	Xavier Woods	295
bobby-lashley	Bobby Lashley	290
finn-blor	Finn Bálor	283
becky-lynch	Becky Lynch	281
booker-t	Booker T	279
john-morrison	John Morrison	267
charlotte-flair	Charlotte Flair	265
ryback	Ryback	265
zack-ryder	Zack Ryder	258
bubba-ray-dudley	Bubba Ray Dudley	256
heath-slater	Heath Slater	256
rusev	Rusev	256
braun-strowman	Braun Strowman	253
william-regal	William Regal	251
sasha-banks	Sasha Banks	249
shawn-michaels	Shawn Michaels	249
asuka	Asuka	246
chavo-guerrero-jr	Chavo Guerrero Jr.	245
bray-wyatt	Bray Wyatt	238
chad-gable	Chad Gable	233
alicia-fox	Alicia Fox	232
santino-marella	Santino Marella	230
mickie-james	Mickie James	225
d-von-dudley	D-Von Dudley	224
shinsuke-nakamura	Shinsuke Nakamura	224
titus-oneil	Titus O'Neil	222
montel-vontavious-porter	Montel Vontavious Porter	219
goldust	Goldust	218
nia-jax	Nia Jax	217
sin-cara	Sin Cara	215
alexa-bliss	Alexa Bliss	214
the-great-khali	The Great Khali	212
trish-stratus	Trish Stratus	209
eddie-guerrero	Eddie Guerrero	207
brie-bella	Brie Bella	206
jinder-mahal	Jinder Mahal	205
liv-morgan	Liv Morgan	204
carlito	Carlito	201
baron-corbin	Baron Corbin	195
curtis-axel	Curtis Axel	194
ricochet	Ricochet	192
nikki-bella	Nikki Bella	191
luke-harper	Luke Harper	185
montez-ford	Montez Ford	185
wade-barrett	Wade Barrett	185
beth-phoenix	Beth Phoenix	179
damian-priest	Damian Priest	179
ric-flair	Ric Flair	179
luke-gallows	Luke Gallows	178
angelo-dawkins	Angelo Dawkins	174
finlay	Finlay	174
shayna-baszler	Shayna Baszler	174
fandango	Fandango	170
erick-rowan	Erick Rowan	169
otis	Otis	169
victoria	Victoria	169
layla	Layla	168
apollo-crews	Apollo Crews	167
rhyno	Rhyno	165
tamina	Tamina	162
tyson-kidd	Tyson Kidd	162
charlie-haas	Charlie Haas	160
tajiri	Tajiri	160
bianca-belair	Bianca Belair	159
ted-dibiase	Ted DiBiase	159
jamie-noble	Jamie Noble	158
dominik-mysterio	Dominik Mysterio	154
karl-anderson	Karl Anderson	153
kelly-kelly	Kelly Kelly	153
john-bradshaw-layfield	John "Bradshaw" Layfield	152
damien-sandow	Damien Sandow	148
ivar	Ivar	148
melina	Melina	148
brian-kendrick	Brian Kendrick	147
erik	Erik	147
michelle-mccool	Michelle McCool	147
rhea-ripley	Rhea Ripley	145
test	Test	144
brock-lesnar	Brock Lesnar	141
andrade	Andrade	139
bo-dallas	Bo Dallas	139
carmella	Carmella	139
cedric-alexander	Cedric Alexander	134
darren-young	Darren Young	130
kalisto	Kalisto	130
primo	Primo	129
spike-dudley	Spike Dudley	128
jtg	JTG	127
chris-masters	Chris Masters	126
dana-brooke	Dana Brooke	125
iyo-sky	IYO SKY	124
la-knight	LA Knight	119
the-rock	The Rock	119
umaga	Umaga	119
austin-theory	Austin Theory	118
mr-kennedy	Mr. Kennedy	118
paige	Paige	118
rikishi	Rikishi	118
elias	Elias	117
eve-torres	Eve Torres	116
paul-london	Paul London	116
the-hurricane	The Hurricane	116
akira-tozawa	Akira Tozawa	111
hardcore-holly	Hardcore Holly	110
lance-storm	Lance Storm	108
raquel-rodriguez	Raquel Rodriguez	108
justin-gabriel	Justin Gabriel	107
sonya-deville	Sonya Deville	107
viktor	Viktor	107
curt-hawkins	Curt Hawkins	105
konnor	Konnor	105
bradshaw	Bradshaw	103
tyler-breeze	Tyler Breeze	102
aj-lee	AJ Lee	101
kairi-sane	Kairi Sane	101
evan-bourne	Evan Bourne	100
lita	Lita	100
maryse	Maryse	97
molly-holly	Molly Holly	97
mustafa-ali	Mustafa Ali	97
solo-sikoa	Solo Sikoa	96
funaki	Funaki	95
brodus-clay	Brodus Clay	94
nikki-cross	Nikki Cross	94
aleister-black	Aleister Black	93
gail-kim	Gail Kim	93
johnny-gargano	Johnny Gargano	93
samoa-joe	Samoa Joe	93
torrie-wilson	Torrie Wilson	92
riddle	Riddle	91
billy-kidman	Billy Kidman	90
dash-wilder	Dash Wilder	90
gunther	Gunther	90
mandy-rose	Mandy Rose	89
maria	Maria	89
neville	Neville	89
scott-dawson	Scott Dawson	89
scotty-2-hotty	Scotty 2 Hotty	88
carmelo-hayes	Carmelo Hayes	85
steve-austin	Steve Austin	85
david-otunga	David Otunga	84
stardust	Stardust	84
chuck-palumbo	Chuck Palumbo	82
ruby-riott	Ruby Riott	82
jimmy-wang-yang	Jimmy Wang Yang	80
vladimir-kozlov	Vladimir Kozlov	80
chelsea-green	Chelsea Green	79
bronson-reed	Bronson Reed	78
drew-gulak	Drew Gulak	78
rene-dupree	Rene Dupree	78
tommaso-ciampa	Tommaso Ciampa	78
zelina-vega	Zelina Vega	77
charlotte	Charlotte	76
kenny-dykstra	Kenny Dykstra	76
val-venis	Val Venis	76
lacey-evans	Lacey Evans	75
shannon-moore	Shannon Moore	75
ezekiel-jackson	Ezekiel Jackson	74
kaitlyn	Kaitlyn	74
maven	Maven	74
mojo-rawley	Mojo Rawley	74
trevor-murdoch	Trevor Murdoch	73
aiden-english	Aiden English	71
berto	Berto	71
lance-cade	Lance Cade	71
ludwig-kaiser	Ludwig Kaiser	71
bron-breakker	Bron Breakker	70
eugene	Eugene	70
jd-mcdonagh	JD McDonagh	69
super-crazy	Super Crazy	69
alex-riley	Alex Riley	68
shane-mcmahon	Shane McMahon	68
billy-gunn	Billy Gunn	67
gran-metalik	Gran Metalik	67
johnny-nitro	Johnny Nitro	67
lince-dorado	Lince Dorado	67
robert-roode	Robert Roode	67
diego	Diego	66
faarooq	Faarooq	66
king-corbin	King Corbin	66
nunzio	Nunzio	66
peyton-royce	Peyton Royce	66
tiffany-stratton	Tiffany Stratton	66
jason-jordan	Jason Jordan	65
candice-michelle	Candice Michelle	64
epico	Epico	64
fernando	Fernando	64
rob-conway	Rob Conway	64
enzo-amore	Enzo Amore	63
rosey	Rosey	63
bobby-roode	Bobby Roode	62
hornswoggle	Hornswoggle	62
sylvain-grenier	Sylvain Grenier	62
tucker	Tucker	62
omos	Omos	61
dragon-lee	Dragon Lee	60
michin	Michin	60
orlando-jordan	Orlando Jordan	60
ronda-rousey	Ronda Rousey	60
tensai	Tensai	60
tommy-dreamer	Tommy Dreamer	60
angel	Angel	59
billie-kay	Billie Kay	59
deuce	Deuce	59
domino	Domino	59
king-booker	King Booker	59
rosa-mendes	Rosa Mendes	59
roxanne-perez	Roxanne Perez	59
x-pac	X-Pac	59
adam-rose	Adam Rose	58
lyra-valkyria	Lyra Valkyria	58
candice-lerae	Candice LeRae	57
santos-escobar	Santos Escobar	57
rezar	Rezar	56
shad	Shad	56
david-hart-smith	David Hart Smith	55
grayson-waller	Grayson Waller	55
jillian-hall	Jillian Hall	55
ember-moon	Ember Moon	54
emma	Emma	54
jerry-the-king-lawler	Jerry "The King" Lawler	54
dakota-kai	Dakota Kai	53
penta	Penta	53
snitsky	Snitsky	53
steven-richards	Steven Richards	53
akam	Akam	52
bad-news-barrett	Bad News Barrett	52
zoey-stark	Zoey Stark	52
angel-garza	Angel Garza	51
big-cass	Big Cass	51
doug-basham	Doug Basham	51
jade-cargill	Jade Cargill	51
tye-dillinger	Tye Dillinger	51
danny-basham	Danny Basham	50
lana	Lana	50
piper-niven	Piper Niven	50
festus	Festus	49
gregory-helms	Gregory Helms	49
tazz	Tazz	49
viscera	Viscera	49
goldberg	Goldberg	48
matt-riddle	Matt Riddle	48
cameron	Cameron	47
jesse	Jesse	47
jazz	Jazz	46
shotzi	Shotzi	46
summer-rae	Summer Rae	46
albert	Albert	45
butch	Butch	45
michael-mcgillicutty	Michael McGillicutty	45
paul-burchill	Paul Burchill	45
ridge-holland	Ridge Holland	45
sarah-logan	Sarah Logan	45
tama-tonga	Tama Tonga	45
aksana	Aksana	44
rico	Rico	44
a-train	A-Train	43
jillian	Jillian	43
karrion-kross	Karrion Kross	43
kit-wilson	Kit Wilson	43
scott-steiner	Scott Steiner	43
ivory	Ivory	42
doudrop	Doudrop	41
king-barrett	King Barrett	41
raven	Raven	41
tyler-reks	Tyler Reks	41
crash	Crash	40
giovanni-vinci	Giovanni Vinci	40
jacob-fatu	Jacob Fatu	40
matt-hardy-version-10	Matt Hardy Version 1.0	40
stacy-keibler	Stacy Keibler	40
ashley	Ashley	39
joey-mercury	Joey Mercury	39
madcap-moss	Madcap Moss	39
mike-knox	Mike Knox	39
nikki-ash	Nikki A.S.H.	39
simon-dean	Simon Dean	39
heidenreich	Heidenreich	38
ilja-dragunov	Ilja Dragunov	38
julius-creed	Julius Creed	38
mvp	MVP	38
damien-mizdow	Damien Mizdow	37
mark-jindrak	Mark Jindrak	37
tamina-snuka	Tamina Snuka	37
brutus-creed	Brutus Creed	36
tyson-tomko	Tyson Tomko	36
yoshi-tatsu	Yoshi Tatsu	36
alba-fyre	Alba Fyre	35
elton-prince	Elton Prince	35
pete-dunne	Pete Dunne	35
al-snow	Al Snow	34
jacqueline-moore	Jacqueline Moore	34
kayden-carter	Kayden Carter	34
vince-mcmahon	Vince McMahon	34
billy	Billy	33
jevon-evans	Je'Von Evans	33
katana-chance	Katana Chance	33
mansoor	Mansoor	33
mercury	Mercury	33
rowan	Rowan	33
simon-gotch	Simon Gotch	33
joaquin-wilde	Joaquin Wilde	32
keith-lee	Keith Lee	32
logan-paul	Logan Paul	32
trent-barreta	Trent Barreta	32
axiom	Axiom	31
cruz-del-toro	Cruz Del Toro	31
hulk-hogan	Hulk Hogan	31
ivy-nile	Ivy Nile	31
luther-reigns	Luther Reigns	31
nidia	Nidia	31
nitro	Nitro	31
sylvan	Sylvan	31
t-bar	T-BAR	31
tony-nese	Tony Nese	31
alex-shelley	Alex Shelley	30
giulia	Giulia	30
mikey	Mikey	30
aj	AJ	29
ali	Ali	29
chris-sabin	Chris Sabin	29
christopher-nowinski	Christopher Nowinski	29
chuck	Chuck	29
lash-legend	Lash Legend	29
mace	MACE	29
murphy	Murphy	29
nathan-frazer	Nathan Frazer	29
tegan-nox	Tegan Nox	29
d-lo-brown	D-Lo Brown	28
hunico	Hunico	28
jim-duggan	Jim Duggan	28
jonathan-coachman	Jonathan Coachman	28
maxxine-dupri	Maxxine Dupri	28
perry-saturn	Perry Saturn	28
buddy-murphy	Buddy Murphy	27
gene-snitsky	Gene Snitsky	27
humberto	Humberto	27
johnny-stamboli	Johnny Stamboli	27
trick-williams	Trick Williams	27
harper	Harper	26
indi-hartwell	Indi Hartwell	26
oba-femi	Oba Femi	26
psicosis	Psicosis	26
robert-conway	Robert Conway	26
seth-freakin-rollins	Seth "Freakin" Rollins	26
stephanie-vaquer	Stephanie Vaquer	26
tatanka	Tatanka	26
diamond-dallas-page	Diamond Dallas Page	25
kenzo-suzuki	Kenzo Suzuki	25
noam-dar	Noam Dar	25
rich-swann	Rich Swann	25
vito	Vito	25
dave-taylor	Dave Taylor	24
dexter-lumis	Dexter Lumis	24
kiana-james	Kiana James	24
percy-watson	Percy Watson	24
primo-colon	Primo Colon	24
rey-fenix	Rey Fenix	24
tyler-bate	Tyler Bate	24
vickie-guerrero	Vickie Guerrero	24
akio	Akio	23
ariya-daivari	Ariya Daivari	23
eric-young	Eric Young	23
happy-corbin	Happy Corbin	23
joe-gacy	Joe Gacy	23
johnny	Johnny	23
road-warrior-animal	Road Warrior Animal	23
rory-mcallister	Rory McAllister	23
eva-marie	Eva Marie	22
katie-lea	Katie Lea	22
matt-striker	Matt Striker	22
mike-kanellis	Mike Kanellis	22
no-way-jose	No Way Jose	22
robbie-mcallister	Robbie McAllister	22
tj-perkins	TJ Perkins	22
daivari	Daivari	21
epico-colon	Epico Colon	21
johnny-curtis	Johnny Curtis	21
justin-credible	Justin Credible	21
mason-ryan	Mason Ryan	21
muhammad-hassan	Muhammad Hassan	21
rick-boogs	Rick Boogs	21
shorty-g	Shorty G	21
aliyah	Aliyah	20
jacy-jayne	Jacy Jayne	20
jamal	Jamal	20
jaxson-ryker	Jaxson Ryker	20
kevin-nash	Kevin Nash	20
shad-gaspard	Shad Gaspard	20
the-boogeyman	The Boogeyman	20
adam-cole	Adam Cole	19
ashante-adonis	Ashante Adonis	19
garrison-cade	Garrison Cade	19
kid-kash	Kid Kash	19
queen-zelina	Queen Zelina	19
reggie	Reggie	19
rodney-mack	Rodney Mack	19
xia-li	Xia Li	19
alexander-wolfe	Alexander Wolfe	18
b-fab	B-Fab	18
bull-buchanan	Bull Buchanan	18
el-grande-americano	El Grande Americano	18
elijah-burke	Elijah Burke	18
jc-mateo	JC Mateo	18
nicky	Nicky	18
the-road-dogg	The Road Dogg	18
top-dolla	Top Dolla	18
big-daddy-v	Big Daddy V	17
ethan-page	Ethan Page	17
grandmaster-sexay	Grandmaster Sexay	17
kaval	Kaval	17
ricky-saints	Ricky Saints	17
roderick-strong	Roderick Strong	17
shanky	Shanky	17
sol-ruca	Sol Ruca	17
the-good-father	The Good Father	17
cherry	Cherry	16
dawn-marie	Dawn Marie	16
dean-malenko	Dean Malenko	16
isla-dawn	Isla Dawn	16
killian-dain	Killian Dain	16
kristal	Kristal	16
mick-foley	Mick Foley	16
sgt-slaughter	Sgt. Slaughter	16
theory	Theory	16
kyle-oreilly	Kyle O'Reilly	15
matt-morgan	Matt Morgan	15
steve-blackman	Steve Blackman	15
talla-tonga	Talla Tonga	15
adrian-neville	Adrian Neville	14
austin-aries	Austin Aries	14
bill-demott	Bill DeMott	14
cameron-grimes	Cameron Grimes	14
jordynne-grace	Jordynne Grace	14
lashley	Lashley	14
scott-hall	Scott Hall	14
sean-ohaire	Sean O'Haire	14
slapjack	Slapjack	14
the-fiend	The Fiend	14
tonga-loa	Tonga Loa	14
tony-dangelo	Tony D'Angelo	14
antonio	Antonio	13
carlito-caribbean-cool	Carlito Caribbean Cool	13
el-torito	El Torito	13
ezekiel	Ezekiel	13
mighty-molly	Mighty Molly	13
ricardo-rodriguez	Ricardo Rodriguez	13
shawn-stasiak	Shawn Stasiak	13
the-sandman	The Sandman	13
toni-storm	Toni Storm	13
dos-caras	Dos Caras	12
eric-bischoff	Eric Bischoff	12
fallon-henley	Fallon Henley	12
james-ellsworth	James Ellsworth	12
kc-james	KC James	12
kelani-jordan	Kelani Jordan	12
riddick-moss	Riddick Moss	12
roddy-piper	Roddy Piper	12
romeo	Romeo	12
veer-mahaan	Veer Mahaan	12
brett-major	Brett Major	11
brian-major	Brian Major	11
caylen-croft	Caylen Croft	11
ciampa	Ciampa	11
gentleman-jack-gallagher	Gentleman Jack Gallagher	11
manu	Manu	11
matt-cardona	Matt Cardona	11
michael-cole	Michael Cole	11
robbie	Robbie	11
skip-sheffield	Skip Sheffield	11
taka-michinoku	Taka Michinoku	11
tiffany	Tiffany	11
ultimo-dragon	Ultimo Dragon	11
wes-lee	Wes Lee	11
alexander-rusev	Alexander Rusev	10
chief-morley	Chief Morley	10
christy-hemme	Christy Hemme	10
ec3	EC3	10
jake	Jake	10
joe-hendry	Joe Hendry	10
kanyon	Kanyon	10
king-woods	King Woods	10
lola-vice	Lola Vice	10
miss-jackie	Miss Jackie	10
stephanie-mcmahon	Stephanie McMahon	10
sunil-singh	Sunil Singh	10
the-velveteen-dream	The Velveteen Dream	10
veer	Veer	10
zach-gowen	Zach Gowen	10
blair-davenport	Blair Davenport	9
bobby-fish	Bobby Fish	9
channing-stacks-lorenzo	Channing "Stacks" Lorenzo	9
haku	Haku	9
idol-stevens	Idol Stevens	9
jack-gallagher	Jack Gallagher	9
kung-fu-naki	Kung Fu Naki	9
mitch	Mitch	9
mr-perfect	Mr. Perfect	9
paul-heyman	Paul Heyman	9
ron-simmons	Ron Simmons	9
rory	Rory	9
sabu	Sabu	9
samir-singh	Samir Singh	9
the-big-bossman	The Big Bossman	9
the-big-valbowski	The Big Valbowski	9
vance-archer	Vance Archer	9
brad-maddox	Brad Maddox	8
bravo-americano	Bravo Americano	8
chyna	Chyna	8
colin-cassady	Colin Cassady	8
derrick-bateman	Derrick Bateman	8
drake-maverick	Drake Maverick	8
gigi-dolin	Gigi Dolin	8
hurricane-helms	Hurricane Helms	8
husky-harris	Husky Harris	8
jaida-parker	Jaida Parker	8
jim-ross	Jim Ross	8
john-laurinaitis	John Laurinaitis	8
juventud	Juventud	8
khosrow-daivari	Khosrow Daivari	8
king-nakamura	King Nakamura	8
king-sheamus	King Sheamus	8
michael-tarver	Michael Tarver	8
nathan-jones	Nathan Jones	8
rayo-americano	Rayo Americano	8
reverend-d-von	Reverend D-Von	8
royce-keys	Royce Keys	8
tjp	TJP	8
uncle-howdy	Uncle Howdy	8
andre-chase	Andre Chase	7
balls-mahoney	Balls Mahoney	7
buh-buh-ray-dudley	Buh Buh Ray Dudley	7
chris-kanyon	Chris Kanyon	7
commander-azeez	Commander Azeez	7
cora-jade	Cora Jade	7
eric-escobar	Eric Escobar	7
gunner-scott	Gunner Scott	7
hideo-itami	Hideo Itami	7
hugh-morrus	Hugh Morrus	7
k-kwik	K-Kwik	7
lars-sullivan	Lars Sullivan	7
lord-tensai	Lord Tensai	7
mike-awesome	Mike Awesome	7
rey-mysterio-jr	Rey Mysterio Jr	7
sakoda	Sakoda	7
sanga	Sanga	7
santina-marella	Santina Marella	7
steve-bradley	Steve Bradley	7
stevie-richards	Stevie Richards	7
sylvester-terkay	Sylvester Terkay	7
terri	Terri	7
zaria	Zaria	7
original-el-grande-americano	"Original" El Grande Americano	6
the-fiend-bray-wyatt	"The Fiend" Bray Wyatt	6
apollo	Apollo	6
bam-neely	Bam Neely	6
blake-monroe	Blake Monroe	6
camacho	Camacho	6
chad-dick	Chad Dick	6
dh-smith	DH Smith	6
doink	Doink	6
elias-samson	Elias Samson	6
josh-briggs	Josh Briggs	6
ken-kennedy	Ken Kennedy	6
kevin-thorn	Kevin Thorn	6
lio-rush	Lio Rush	6
mark-coffey	Mark Coffey	6
oney-lorcan	Oney Lorcan	6
pat-mcafee	Pat McAfee	6
raw	Raw	6
reginald	Reginald	6
ricky-ortiz	Ricky Ortiz	6
ryan-braddock	Ryan Braddock	6
slam-master-j	Slam Master J	6
smackdown	SmackDown	6
steve-cutler	Steve Cutler	6
the-godfather	The Godfather	6
tucker-knight	Tucker Knight	6
wolfgang	Wolfgang	6
zeb-colter	Zeb Colter	6
dirty-dominik-mysterio	"Dirty" Dominik Mysterio	5
bob-orton	Bob Orton	5
brendan-vink	Brendan Vink	5
bret-hart	Bret Hart	5
bull-dempsey	Bull Dempsey	5
chavo-guerrero-classic	Chavo Guerrero Classic	5
dijak	Dijak	5
dion-lennox	Dion Lennox	5
duke-hudson	Duke Hudson	5
izzi-dame	Izzi Dame	5
james-dick	James Dick	5
jerry-lynn	Jerry Lynn	5
joey-ryan	Joey Ryan	5
kassius-ohno	Kassius Ohno	5
kay-lee-ray	Kay Lee Ray	5
otis-dozovic	Otis Dozovic	5
raquel-gonzlez	Raquel González	5
ron-killings	Ron Killings	5
sable	Sable	5
scotty-goldman	Scotty Goldman	5
shane-thorne	Shane Thorne	5
spanky	Spanky	5
stephanie-mcmahon-helmsley	Stephanie McMahon-Helmsley	5
tatum-paxley	Tatum Paxley	5
the-bunny	The Bunny	5
valhalla	Valhalla	5
wesley-blake	Wesley Blake	5
bo-rotundo	Bo Rotundo	4
brooke	Brooke	4
b	B²	4
chavo-guerrero-sr	Chavo Guerrero Sr	4
colin-delaney	Colin Delaney	4
danhausen	Danhausen	4
elektra-lopez	Elektra Lopez	4
ernest-miller	Ernest Miller	4
fabian-aichner	Fabian Aichner	4
jimmy-snuka	Jimmy Snuka	4
kerwin-white	Kerwin White	4
luke-hawx	Luke Hawx	4
marcel-barthel	Marcel Barthel	4
marty-jannetty	Marty Jannetty	4
mr-iguana	Mr. Iguana	4
myles-borne	Myles Borne	4
nikki-ahs	Nikki A.H.S.	4
scott-vick	Scott Vick	4
scott-wright	Scott Wright	4
sting	Sting	4
tank-ledger	Tank Ledger	4
teddy-long	Teddy Long	4
terri-runnels	Terri Runnels	4
the-brooklyn-brawler	The Brooklyn Brawler	4
thea-hail	Thea Hail	4
trent-seven	Trent Seven	4
the-demon-finn-blor	"The Demon" Finn Bálor	3
abraham-washington	Abraham Washington	3
andy-simmonz	Andy Simmonz	3
arianna-grace	Arianna Grace	3
armando-estrada	Armando Estrada	3
arturo-ruas	Arturo Ruas	3
b-2	B-2	3
bad-bunny	Bad Bunny	3
blake	Blake	3
bobby-lashey	Bobby Lashey	3
bubba-ray	Bubba Ray	3
cj-parker	CJ Parker	3
corey-graves	Corey Graves	3
d-von	D-Von	3
dabba-kato	Dabba-Kato	3
daniel-puder	Daniel Puder	3
danny-burch	Danny Burch	3
denzel-dejournette	Denzel Dejournette	3
dominick-mysterio	Dominick Mysterio	3
dusty-rhodes	Dusty Rhodes	3
hank-walker	Hank Walker	3
hanson	Hanson	3
henry-o-godwinn	Henry O. Godwinn	3
jackie-gayda	Jackie Gayda	3
jakara-jackson	Jakara Jackson	3
javier-bernal	Javier Bernal	3
jesus	Jesus	3
joe-coffey	Joe Coffey	3
john-walters	John Walters	3
johnny-jeter	Johnny Jeter	3
jon-heidenreich	Jon Heidenreich	3
kamala	Kamala	3
lainey-reid	Lainey Reid	3
leon-ruff	Leon Ruff	3
leon-slater	Leon Slater	3
little-boogeyman	Little Boogeyman	3
little-guido	Little Guido	3
mae-young	Mae Young	3
marcus-cor-von	Marcus Cor Von	3
maria-kanellis	Maria Kanellis	3
mark-andrews	Mark Andrews	3
marty-garner	Marty Garner	3
matt-martel	Matt Martel	3
mordecai	Mordecai	3
mosh	Mosh	3
mr-america	Mr. America	3
nick-berk	Nick Berk	3
reckoning	Reckoning	3
ricky-the-dragon-steamboat	Ricky "The Dragon" Steamboat	3
rory-fox	Rory Fox	3
rowe	Rowe	3
russell-simpson	Russell Simpson	3
scarlett	Scarlett	3
sharmell	Sharmell	3
shawn-spears	Shawn Spears	3
sim-snuka	Sim Snuka	3
tavion-heights	Tavion Heights	3
the-fabulous-moolah	The Fabulous Moolah	3
the-road-warrior	The Road Warrior	3
the-street-profits	The Street Profits	3
the-usos	The Usos	3
thrasher	Thrasher	3
valentina-feroz	Valentina Feroz	3
von-wagner	Von Wagner	3
xyon-quinn	Xyon Quinn	3
aaron-bolo	Aaron Bolo	2
aaron-stevens	Aaron Stevens	2
ace-steel	Ace Steel	2
adam-pearce	Adam Pearce	2
akar	Akar	2
akebono	Akebono	2
brandon-scott	Brandon Scott	2
brian-adams	Brian Adams	2
brian-thomas	Brian Thomas	2
bronco-nima	Bronco Nima	2
brooks-jensen	Brooks Jensen	2
bryan-clarke	Bryan Clarke	2
bryan-danielson	Bryan Danielson	2
byron-saxton	Byron Saxton	2
carter	Carter	2
chance	Chance	2
charles-robinson	Charles Robinson	2
charlie-dempsey	Charlie Dempsey	2
chase-silver	Chase Silver	2
chase-university	Chase University	2
christian-york	Christian York	2
christy	Christy	2
colt-cabana	Colt Cabana	2
conquistador-dos	Conquistador Dos	2
conquistador-uno	Conquistador Uno	2
crash-holly	Crash Holly	2
dante-chen	Dante Chen	2
dave-batista	Dave Batista	2
dave-mastiff	Dave Mastiff	2
dustin-rhodes	Dustin Rhodes	2
eddie-craven	Eddie Craven	2
el-gran-luchadore	El Gran Luchadore	2
el-hijo-de-dr-wagner-jr	El Hijo de Dr. Wagner Jr.	2
eric-perez	Eric Perez	2
flash-funk	Flash Funk	2
flash-morgan-webster	Flash Morgan Webster	2
gangrel	Gangrel	2
hiroko	Hiroko	2
hollywood-hogan	Hollywood Hogan	2
ikemen-jiro	Ikemen Jiro	2
jd-michaels	JD Michaels	2
jake-hager	Jake Hager	2
james-drake	James Drake	2
jared-steele	Jared Steele	2
jeff	Jeff	2
jeff-hardy-by-tko	Jeff Hardy by TKO	2
jeff-jarrett	Jeff Jarrett	2
jelly-roll	Jelly Roll	2
jeremy-young	Jeremy Young	2
joseph-mercury	Joseph Mercury	2
josh-mathews	Josh Mathews	2
julio-dinero	Julio Dinero	2
jushin-thunder-liger	Jushin Thunder Liger	2
kendal-grey	Kendal Grey	2
kip-stevens	Kip Stevens	2
kizarny	Kizarny	2
kyle-roberts	Kyle Roberts	2
lance-anoai	Lance Anoai	2
leo-kruger	Leo Kruger	2
lexis-king	Lexis King	2
linda-miles	Linda Miles	2
little-bastard	Little Bastard	2
lucha-house-party	Lucha House Party	2
maria-menounos	Maria Menounos	2
masato-tanaka	Masato Tanaka	2
matt-jackson	Matt Jackson	2
maxine	Maxine	2
murhpy	Murhpy	2
nash-carter	Nash Carter	2
nic-nemeth	Nic Nemeth	2
nick-patrick	Nick Patrick	2
nox	Nox	2
oc	O.C.	2
octagoncito	Octagoncito	2
odyssey-jones	Odyssey Jones	2
oro-mensah	Oro Mensah	2
psycho-clown	Psycho Clown	2
ray-gordy	Ray Gordy	2
repo-man	Repo Man	2
rey	Rey	2
rey-fnix	Rey Fénix	2
rhino	Rhino	2
rob-eckos	Rob Eckos	2
ruby-riot	Ruby Riot	2
ruffy-silverstein	Ruffy Silverstein	2
russ-haas	Russ Haas	2
shaniqua	Shaniqua	2
sheamus-oshaunessy	Sheamus O'Shaunessy	2
shiloh-hill	Shiloh Hill	2
shorty-gable	Shorty Gable	2
shotzi-blackheart	Shotzi Blackheart	2
steve-corino	Steve Corino	2
sylvester-lefort	Sylvester Lefort	2
ted-dibiase-jr	Ted DiBiase Jr	2
the-blue-meanie	The Blue Meanie	2
the-goon	The Goon	2
the-honky-tonk-man	The Honky Tonk Man	2
the-kat	The Kat	2
tony-mamaluke	Tony Mamaluke	2
travis-banks	Travis Banks	2
tzuki	Tzuki	2
wendy-choo	Wendy Choo	2
wren-sinclair	Wren Sinclair	2
yoshihiro-tajiri	Yoshihiro Tajiri	2
yoshiki-inamura	Yoshiki Inamura	2
yulisa-len	Yulisa León	2
zack-gibson	Zack Gibson	2
zelina	Zelina	2
diy	#DIY	1
diy-tommaso-ciampa	#DIY Tommaso Ciampa	1
2-cold-scorpio	2 Cold Scorpio	1
aj-kirsh	AJ Kirsh	1
aaron-hale	Aaron Hale	1
aaron-relic	Aaron Relic	1
aaron-solow	Aaron Solow	1
adam-evans	Adam Evans	1
adam-jones	Adam Jones	1
adam-roberts	Adam Roberts	1
alan	Alan	1
aleki-lee	Aleki Lee	1
alex-keaton	Alex Keaton	1
alex-malcom	Alex Malcom	1
alex-sage	Alex Sage	1
alex-silva	Alex Silva	1
alexander	Alexander	1
aleyah-mia	Aleyah Mia	1
allie-gato	Allie Gato	1
allie-katrina	Allie Katrina	1
alpha-academy	Alpha Academy	1
alundra-blayze	Alundra Blayze	1
americo	Americo	1
andrea-guercio	Andrea Guercio	1
andrew-howard	Andrew Howard	1
andy-baker	Andy Baker	1
andy-douglas	Andy Douglas	1
andy-tovarez	Andy Tovarez	1
angelo-dawking	Angelo Dawking	1
animal	Animal	1
ann-esposito	Ann Esposito	1
anna-fields	Anna Fields	1
anthony-alanis	Anthony Alanis	1
anthony-colletti	Anthony Colletti	1
arch-kincaid	Arch Kincaid	1
ari-cohen	Ari Cohen	1
ariel	Ariel	1
ariel-monroe	Ariel Monroe	1
armando-alejandro-estrada	Armando Alejandro Estrada	1
arthur-rosenberg	Arthur Rosenberg	1
ash-by-elegance	Ash by Elegance	1
ashante-thee-adonis	Ashante "Thee" Adonis	1
august-grey	August Grey	1
ava	Ava	1
babatunde	Babatunde	1
barrett-brown	Barrett Brown	1
barry-stevens	Barry Stevens	1
bart-gunn	Bart Gunn	1
baszler	Baszler	1
batista-by-forfeit	Batista by forfeit	1
beau-morris	Beau Morris	1
beaux-keller	Beaux Keller	1
benjamin	Benjamin	1
benny-camer	Benny Camer	1
beulah	Beulah	1
billy-v	Billy V	1
bo-dupp	Bo Dupp	1
bob-backlund	Bob Backlund	1
bobby-howard	Bobby Howard	1
bobby-lashlay	Bobby Lashlay	1
bobby-wayward	Bobby Wayward	1
bodhi-hayward	Bodhi Hayward	1
boris-alexiev	Boris Alexiev	1
brad-allen	Brad Allen	1
brad-baylor	Brad Baylor	1
bradley-jay	Bradley Jay	1
branden-vice	Branden Vice	1
brandon-gatson	Brandon Gatson	1
brandon-groom	Brandon Groom	1
brandon-hill	Brandon Hill	1
brendan-burke	Brendan Burke	1
brendon-scott	Brendon Scott	1
brent-albright	Brent Albright	1
brent-jones	Brent Jones	1
brent-roberts	Brent Roberts	1
brett-majors	Brett Majors	1
brett-matthews	Brett Matthews	1
brian-black	Brian Black	1
brian-breaker	Brian Breaker	1
brian-edwards	Brian Edwards	1
brian-knobbs	Brian Knobbs	1
brian-majors	Brian Majors	1
britt-baker	Britt Baker	1
brittany-carter	Brittany Carter	1
broken-matt-hardy	Broken Matt Hardy	1
bronson-redd	Bronson Redd	1
brother-love	Brother Love	1
brother-nero	Brother Nero	1
bruto-americano	Bruto Americano	1
brutus	Brutus	1
bryan	Bryan	1
bryan-kennedy	Bryan Kennedy	1
bryant	Bryant	1
bryce-andrews	Bryce Andrews	1
bu-ku-dao	Bu Ku Dao	1
buck-quartermain	Buck Quartermain	1
buff-bagwell	Buff Bagwell	1
burt-hansen	Burt Hansen	1
bushwhacker-butch	Bushwhacker Butch	1
bushwhacker-luke	Bushwhacker Luke	1
cc-bonin	CC Bonin	1
cima	CIMA	1
cj-lunde	CJ Lunde	1
cm-skunk	CM Skunk	1
cactus-jack	Cactus Jack	1
caden-mathews	Caden Mathews	1
cain-velasquez	Cain Velasquez	1
cal-bloom	Cal Bloom	1
cami-fields	Cami Fields	1
camron-connors	Camron Connors	1
carl-ouellet	Carl Ouellet	1
carlos-hershey	Carlos Hershey	1
carlos-sanchez	Carlos Sanchez	1
carmen-harress	Carmen Harress	1
carolina	Carolina	1
carter-mason	Carter Mason	1
cat-cardoza	Cat Cardoza	1
cecric-alexander	Cecric Alexander	1
cedric-the-entertainer	Cedric The Entertainer	1
cedrick-von-haussen	Cedrick von Haussen	1
chad-collyer	Chad Collyer	1
chad-gagle	Chad Gagle	1
chad-patton	Chad Patton	1
chalsea-green	Chalsea Green	1
charles-evans	Charles Evans	1
charlotte-flari	Charlotte Flari	1
chase-parker	Chase Parker	1
chase-stevens	Chase Stevens	1
chasyn-rance	Chasyn Rance	1
chavo	Chavo	1
chaz	Chaz	1
chelsea-greeen	Chelsea Greeen	1
chris-cage	Chris Cage	1
chris-guy	Chris Guy	1
chris-hamrick	Chris Hamrick	1
chris-kincaid	Chris Kincaid	1
chris-lyons	Chris Lyons	1
chris-nawrocki	Chris Nawrocki	1
chris-wellman	Chris Wellman	1
chris-wylde	Chris Wylde	1
chuck-sealey	Chuck Sealey	1
clay-splash	Clay Splash	1
cloacas	Cloacas	1
cody-steele	Cody Steele	1
cole-carter	Cole Carter	1
colin-justin	Colin Justin	1
conrad-carnes	Conrad Carnes	1
corbin	Corbin	1
cousin-ray	Cousin Ray	1
cousin-sal	Cousin Sal	1
cross	Cross	1
curt-stallion	Curt Stallion	1
curtis-cole	Curtis Cole	1
damage-ctrl	Damage CTRL	1
damian-adams	Damian Adams	1
damien-priest	Damien Priest	1
damon-kemp	Damon Kemp	1
dan-barone	Dan Barone	1
dan-delaney	Dan Delaney	1
dan-matha	Dan Matha	1
dane-bryant	Dane Bryant	1
daniel-bryan-by-reverse-decision	Daniel Bryan by Reverse Decision	1
daniel-cross	Daniel Cross	1
daniel-vidot	Daniel Vidot	1
daniel-williams	Daniel Williams	1
danny-gimondo	Danny Gimondo	1
danny-lerman	Danny Lerman	1
danny-shanley	Danny Shanley	1
darin-waid	Darin Waid	1
dave-dutra	Dave Dutra	1
david-arquette	David Arquette	1
david-deville	David Deville	1
david-flair	David Flair	1
dean-visk	Dean Visk	1
delilah-dawson	Delilah Dawson	1
deonn-rusman	Deonn Rusman	1
deonna-purrazzo	Deonna Purrazzo	1
derek-werley	Derek Werley	1
derrick-neikirk	Derrick Neikirk	1
deville	Deville	1
devin-justin	Devin Justin	1
devon-nicholson	Devon Nicholson	1
diesel	Diesel	1
divya-ch	Divya Ch	1
dominik-dijakovic	Dominik Dijakovic	1
domink-misteryo	Domink Misteryo	1
domink-mysterio	Domink Mysterio	1
dr-winston-von-voorhees	Dr. Winston Von Voorhees	1
drew-carey	Drew Carey	1
duke-droese	Duke Droese	1
dupri	Dupri	1
dustin-foster	Dustin Foster	1
dustin-lawyer	Dustin Lawyer	1
dustin-starr	Dustin Starr	1
dusty-wallace	Dusty Wallace	1
ek-prosper	EK Prosper	1
earl-hebner	Earl Hebner	1
earthquake	Earthquake	1
eddie-dennis	Eddie Dennis	1
eddie-kramer	Eddie Kramer	1
eddie-vegas	Eddie Vegas	1
eddy-thorpe	Eddy Thorpe	1
eduardo-especial	Eduardo Especial	1
ekmo	Ekmo	1
el-gran-gordo	El Gran Gordo	1
el-grande-latte	El Grande Latte	1
el-hombre-sin-nombre	El Hombre Sin Nombre	1
el-local	El Local	1
elijah-king	Elijah King	1
emil-sitoci	Emil Sitoci	1
eric-abraham	Eric Abraham	1
eric-priest	Eric Priest	1
essa-rios	Essa Rios	1
evan-anderhaul	Evan Anderhaul	1
fernando-vega	Fernando Vega	1
floyd-mayweather	Floyd Mayweather	1
francois	Francois	1
frank-lowman	Frank Lowman	1
frank-venezia	Frank Venezia	1
franz-the-belgian-waffler	Franz The Belgian Waffler	1
fraxiom	Fraxiom	1
fred-sampson	Fred Sampson	1
gable	Gable	1
gable-steveson	Gable Steveson	1
gallus	Gallus	1
gary-gandy	Gary Gandy	1
gary-graham	Gary Graham	1
gavin-spears	Gavin Spears	1
gene-okerlund	Gene Okerlund	1
george-king	George King	1
gillberg	Gillberg	1
go-shiozaki	Go Shiozaki	1
greg-cardona	Greg Cardona	1
gregor-falcon	Gregor Falcon	1
gregory-james	Gregory James	1
gulak	Gulak	1
gus-harlacher	Gus Harlacher	1
haley-jones	Haley Jones	1
hamlet-macbeth	Hamlet MacBeth	1
hardy	Hardy	1
harry-smith	Harry Smith	1
hawk	Hawk	1
hillbilly-jim	Hillbilly Jim	1
hiroki-sumi	Hiroki Sumi	1
hit-row	Hit Row	1
howard-finkel	Howard Finkel	1
hyan	Hyan	1
imperium	Imperium	1
indus-sher	Indus Sher	1
irwin-r-schyster	Irwin R. Schyster	1
isaiah-swerve-scott	Isaiah "Swerve" Scott	1
isaiah-scott	Isaiah Scott	1
isla-dawn-to-unify-the-titles	Isla Dawn    to unify the titles	1
jp-parsonage	JP Parsonage	1
jt-talent	JT Talent	1
jack-doan	Jack Doan	1
jack-swaggers-soaring-eagle	Jack Swagger's Soaring Eagle	1
jackson-andrews	Jackson Andrews	1
jackson-drake	Jackson Drake	1
jackson-james	Jackson James	1
jacob-duncan	Jacob Duncan	1
jacob-kaye	Jacob Kaye	1
jacus-plisken	Jacus Plisken	1
jagger-reid	Jagger Reid	1
jake-constantinou	Jake Constantinou	1
jake-manning	Jake Manning	1
james-e-cornette	James E. Cornette	1
james-harden	James Harden	1
james-mason	James Mason	1
james-maverick	James Maverick	1
james-stock	James Stock	1
jamie-frost	Jamie Frost	1
jared-wachtler	Jared Wachtler	1
jason-cade	Jason Cade	1
jason-jones	Jason Jones	1
jason-reynolds	Jason Reynolds	1
jason-static	Jason Static	1
jason-stone	Jason Stone	1
jasper-troy	Jasper Troy	1
jay-adams	Jay Adams	1
jay-alexander	Jay Alexander	1
jay-bradley	Jay Bradley	1
jay-garland	Jay Garland	1
jay-hatton	Jay Hatton	1
jaylee	Jaylee	1
jazmin-allura	Jazmin Allura	1
jazmyn-nyx	Jazmyn Nyx	1
jean-paul	Jean-Paul	1
jean-pierre-goulet	Jean-Pierre Goulet	1
jeff-brooks	Jeff Brooks	1
jeff-lewis	Jeff Lewis	1
jeff-lucas	Jeff Lucas	1
jeff-mcallister	Jeff McAllister	1
jenny-brooks	Jenny Brooks	1
jeremy-barner	Jeremy Barner	1
jerry-sags	Jerry Sags	1
jessamyn-duke	Jessamyn Duke	1
jesse-guyver	Jesse Guyver	1
jim-neidhart	Jim Neidhart	1
jim-pulkey	Jim Pulkey	1
jimmy-jacobs	Jimmy Jacobs	1
jimmy-james	Jimmy James	1
jojo	JoJo	1
joan-king	Joan King	1
jody-kristofferson	Jody Kristofferson	1
jody-reese	Jody Reese	1
joe-alonzo	Joe Alonzo	1
joe-hennig	Joe Hennig	1
joe-monroe	Joe Monroe	1
joeasa	Joeasa	1
joey-blalock	Joey Blalock	1
joey-munoz	Joey Munoz	1
john-hennigan	John Hennigan	1
john-mason	John Mason	1
john-mcchesney	John McChesney	1
john-robinson	John Robinson	1
john-skyler	John Skyler	1
johnny-decent	Johnny Decent	1
johnny-james	Johnny James	1
johnny-knockout	Johnny Knockout	1
johnny-knoxville	Johnny Knoxville	1
johnny-proof	Johnny Proof	1
johnny-silver	Johnny Silver	1
jon-cutler	Jon Cutler	1
jon-heder	Jon Heder	1
jon-troske	Jon Troske	1
jorel-nelson	Jorel Nelson	1
jose-macias	Jose Macias	1
joseph-torres	Joseph Torres	1
josh-carr	Josh Carr	1
josh-daniels	Josh Daniels	1
joshua-kingsley	Joshua Kingsley	1
joy-giovanni	Joy Giovanni	1
julio-americano	Julio Americano	1
julio-rivera	Julio Rivera	1
justin-shields	Justin Shields	1
kj-orso	KJ Orso	1
kacy-catanzaro	Kacy Catanzaro	1
kale-dixon	Kale Dixon	1
karen-lundy	Karen Lundy	1
karissa	Karissa	1
karmen-petrovic	Karmen Petrovic	1
katie-lea-burchill	Katie Lea Burchill	1
keith-thompson	Keith Thompson	1
kenn-phoenix	Kenn Phoenix	1
kenneth-johnson	Kenneth Johnson	1
kenny-alfonso	Kenny Alfonso	1
kevin-bendl	Kevin Bendl	1
kevin-bennett	Kevin Bennett	1
kevin-federline	Kevin Federline	1
kevin-mahoney	Kevin Mahoney	1
kevin-martenson	Kevin Martenson	1
kevin-matthews	Kevin Matthews	1
kevin-tibbs	Kevin Tibbs	1
kevin-ventura-cortes	Kevin Ventura-Cortes	1
kharma	Kharma	1
kim-chee	Kim Chee	1
kimo	Kimo	1
knight	Knight	1
kristen	Kristen	1
lwo	LWO	1
la-parka	La Parka	1
lacey	Lacey	1
lance-malibu	Lance Malibu	1
larry-destiny	Larry Destiny	1
latino-world-order	Latino World Order	1
lawrence-knight	Lawrence Knight	1
lawrence-tyler	Lawrence Tyler	1
levar-barbie	LeVar Barbie	1
lena-yada	Lena Yada	1
leroy-kincaide	Leroy Kincaide	1
lil-nate	Lil Nate	1
lilian-garcia	Lilian Garcia	1
lionheart	Lionheart	1
lisa-lace	Lisa Lace	1
lisa-taylor	Lisa Taylor	1
liv	Liv	1
luca-crusifino	Luca Crusifino	1
lucky-cannon	Lucky Cannon	1
luke-galllows	Luke Galllows	1
luke-hawkins	Luke Hawkins	1
luke-jennings	Luke Jennings	1
lyra-valkyrie	Lyra Valkyrie	1
msk	MSK	1
macgruber	MacGruber	1
macho-mandow	Macho Mandow	1
mad-1	Mad 1	1
mahal	Mahal	1
malik-yamah	Malik Yamah	1
mankind	Mankind	1
marina-shafir	Marina Shafir	1
mark-carradine	Mark Carradine	1
mark-feuerstein	Mark Feuerstein	1
mark-sterling	Mark Sterling	1
mascarita-sagrada	Mascarita Sagrada	1
masha-slamovich	Masha Slamovich	1
mat-fitchett	Mat Fitchett	1
matt-anoai	Matt Anoai	1
matt-bentley	Matt Bentley	1
matt-cappotelli	Matt Cappotelli	1
matt-hardy-by-tko	Matt Hardy by TKO	1
matt-logan	Matt Logan	1
matt-stryker	Matt Stryker	1
matt-sydal	Matt Sydal	1
matthew-justice	Matthew Justice	1
max-bauer	Max Bauer	1
mei-ying	Mei Ying	1
meiko-satomura	Meiko Satomura	1
mercedes-martinez	Mercedes Martinez	1
meta-four	Meta-Four	1
michael-hayes	Michael Hayes	1
michael-shane	Michael Shane	1
michael-w-kruel	Michael W. Kruel	1
mike-chioda	Mike Chioda	1
mike-duwaddy	Mike Duwaddy	1
mike-foxx	Mike Foxx	1
mike-haywood	Mike Haywood	1
mike-kruel	Mike Kruel	1
mike-micas	Mike Micas	1
mike-mondo	Mike Mondo	1
mike-phoenix	Mike Phoenix	1
mike-spinner	Mike Spinner	1
mike-stevens	Mike Stevens	1
mike-testa	Mike Testa	1
mike-tolar	Mike Tolar	1
mike-tyson	Mike Tyson	1
mike-vega	Mike Vega	1
mikey-oshea	Mikey O'Shea	1
mikey-whiplash	Mikey Whiplash	1
mini-batista	Mini Batista	1
mini-kane	Mini Kane	1
mini-mankind	Mini Mankind	1
mini-mr-kennedy	Mini Mr. Kennedy	1
minihausen	Minihausen	1
mistico	Mistico	1
mitch-walden	Mitch Walden	1
mitchell-lyons	Mitchell Lyons	1
molly-knocked-noble-into-nidia	Molly knocked Noble into Nidia	1
morgan	Morgan	1
morrison	Morrison	1
motor-city-machine-guns	Motor City Machine Guns	1
mr-cena	Mr. Cena	1
mr-mcmahon	Mr. McMahon	1
mr-stone	Mr. Stone	1
nakamura	Nakamura	1
naomo	Naomo	1
nate-nickerson	Nate Nickerson	1
nathan-bradley	Nathan Bradley	1
nathan-ryan	Nathan Ryan	1
nattie-neidhart	Nattie Neidhart	1
nelson-creed	Nelson Creed	1
new-day	New Day	1
nicholas	Nicholas	1
nick-cutler	Nick Cutler	1
nick-miller	Nick Miller	1
nick-nardone	Nick Nardone	1
nick-nemeth	Nick Nemeth	1
nick-sanders	Nick Sanders	1
nikki	Nikki	1
niko-vance	Niko Vance	1
nikolai-volkoff	Nikolai Volkoff	1
nikos-rikos	Nikos Rikos	1
norville-rogers	Norville Rogers	1
nova	Nova	1
octagn-jr	Octagón Jr.	1
oleg-prudius	Oleg Prudius	1
orton	Orton	1
owen-travers	Owen Travers	1
papi-c	Papi C	1
pat-buck	Pat Buck	1
patrick-bentley	Patrick Bentley	1
pavel-kozlov	Pavel Kozlov	1
pegasus-kid	Pegasus Kid	1
pequeno-violencia	Pequeno Violencia	1
pete-gas	Pete Gas	1
phil-atlas	Phil Atlas	1
pierrothito	Pierrothito	1
pitbull-patterson	Pitbull Patterson	1
pocket-rocket	Pocket Rocket	1
pretty-deadly	Pretty Deadly	1
prototype	Prototype	1
queen-aminata	Queen Aminata	1
rk-bro	RK-Bro	1
rachel-levy	Rachel Levy	1
randall-floyd	Randall Floyd	1
randy-row	Randy Row	1
randy-sharp	Randy Sharp	1
randy-taylor	Randy Taylor	1
ranjin-singh	Ranjin Singh	1
rasche-brown	Rasche Brown	1
rated	Rated	1
raul-white	Raul White	1
raymond-rowe	Raymond Rowe	1
redd-dogg	Redd Dogg	1
renee-michelle	Renee Michelle	1
rex-gibson	Rex Gibson	1
rey-lynn	Rey Lynn	1
rey-misteryo	Rey Misteryo	1
rhett-titus	Rhett Titus	1
rich-gibson	Rich Gibson	1
richie-steamboat	Richie Steamboat	1
ricky-hatton	Ricky Hatton	1
ricky-martinez	Ricky Martinez	1
ricky-smokes	Ricky Smokes	1
ricochet-lashley	Ricochet - Lashley	1
rip-fowler	Rip Fowler	1
rizzo	Rizzo	1
rob-gronkowski	Rob Gronkowski	1
rob-grymes	Rob Grymes	1
rob-kelly	Rob Kelly	1
robbie-barnes	Robbie Barnes	1
robbie-brookside	Robbie Brookside	1
robert-adams	Robert Adams	1
robert-fury	Robert Fury	1
robert-roods	Robert Roods	1
rod-steele	Rod Steele	1
rodriguez	Rodriguez	1
rollins	Rollins	1
ronnie-ace	Ronnie Ace	1
rory-gulak	Rory Gulak	1
rudy-rude	Rudy Rude	1
russ-taylor	Russ Taylor	1
rutherford-hayes	Rutherford Hayes	1
ryan-mitchell	Ryan Mitchell	1
ryan-oreilly	Ryan O'Reilly	1
ryan-shelton	Ryan Shelton	1
ryan-taylor	Ryan Taylor	1
sam-smothers	Sam Smothers	1
samantha-simon	Samantha Simon	1
sami-callihan	Sami Callihan	1
santana-garrett	Santana Garrett	1
saquon-shugars	Saquon Shugars	1
sara	Sara	1
sarah-pierce	Sarah Pierce	1
sarray	Sarray	1
sawyer-fulton	Sawyer Fulton	1
scott-armstrong	Scott Armstrong	1
scott-fowler	Scott Fowler	1
scott-jackson	Scott Jackson	1
scotty-mac	Scotty Mac	1
scotty-sabre	Scotty Sabre	1
sebastian	Sebastian	1
sebastian-suave	Sebastian Suave	1
secret-hervice	Secret Hervice	1
sensai	Sensai	1
serena	Serena	1
seth-allen	Seth Allen	1
seth-green	Seth Green	1
seth-skyfire	Seth Skyfire	1
sgt-socorro	Sgt. Socorro	1
shane-mercer	Shane Mercer	1
shannon-ballard	Shannon Ballard	1
shantelle	Shantelle	1
shaquille-oneal	Shaquille O'Neal	1
shawn-donavan	Shawn Donavan	1
shawn-riddick	Shawn Riddick	1
shawn-stasiak-by-tko	Shawn Stasiak by TKO	1
short-sleeve-sampson	Short Sleeve Sampson	1
skinner	Skinner	1
skulu	Skulu	1
snooki	Snooki	1
snoop-dogg	Snoop Dogg	1
soner-dursun	Soner Dursun	1
spartan	Spartan	1
spencer-slade	Spencer Slade	1
stacie-cullen	Stacie Cullen	1
stacy-coates	Stacy Coates	1
stan-stansky	Stan Stansky	1
stanislaw-the-squeezer	Stanislaw The Squeezer	1
stephane-vaquer	Stephane Vaquer	1
stephen-amell	Stephen Amell	1
sterling-keenan	Sterling Keenan	1
steve-anthony	Steve Anthony	1
steve-fender	Steve Fender	1
steve-lewington	Steve Lewington	1
steve-madison	Steve Madison	1
steven-splash	Steven Splash	1
stu-sanders	Stu Sanders	1
sunny	Sunny	1
super-stacy	Super Stacy	1
sycho-sid	Sycho Sid	1
sylvan-grenier	Sylvan Grenier	1
tj-dalton	TJ Dalton	1
takeshi-morishima	Takeshi Morishima	1
teddy-goodz	Teddy Goodz	1
tehuti-miles	Tehuti Miles	1
terry-funk	Terry Funk	1
the-bear	The Bear	1
the-carolina-panther	The Carolina Panther	1
the-chilean-sea-bass	The Chilean Sea Bass	1
the-conquistador	The Conquistador	1
the-gobbledy-gooker	The Gobbledy Gooker	1
the-hardkore-kidd	The Hardkore Kidd	1
the-iron-sheik	The Iron Sheik	1
the-kabuki-warriors	The Kabuki Warriors	1
the-one-man-gang	The One Man Gang	1
the-rock-non	The Rock Non	1
the-sultan-of-shawarma	The Sultan Of Shawarma	1
the-uk-kid	The UK Kid	1
the-un	The Un	1
the-viking-raiders	The Viking Raiders	1
the-x	The X	1
thunder-montgomery	Thunder Montgomery	1
timothy-thatcher	Timothy Thatcher	1
tina-stock	Tina Stock	1
titan	Titan	1
tito-colon	Tito Colon	1
todd-smith	Todd Smith	1
todd-stone	Todd Stone	1
tom-laruffa	Tom LaRuffa	1
tom-wellington	Tom Wellington	1
tommy-gibson	Tommy Gibson	1
tommy-wilson	Tommy Wilson	1
tony-andriotis	Tony Andriotis	1
tozawa	Tozawa	1
travis-horn	Travis Horn	1
trent-newman	Trent Newman	1
trevor-irvin	Trevor Irvin	1
troy-two-dimes-donovan	Troy "Two Dimes" Donovan	1
tugboat	Tugboat	1
tyler-hastings	Tyler Hastings	1
tyler-stinson	Tyler Stinson	1
tyra-mae-steele	Tyra Mae Steele	1
tyrone-jones	Tyrone Jones	1
tyson-dux	Tyson Dux	1
tyson-fury	Tyson Fury	1
uriah-connors	Uriah Connors	1
uso	Uso	1
vader	Vader	1
vanessa-floyd	Vanessa Floyd	1
veer-mahan	Veer Mahan	1
veer-metalik	Veer Metalik	1
viko-batomango	Viko Batomango	1
vinny-gruner	Vinny Gruner	1
virgil	Virgil	1
vordell-walker	Vordell Walker	1
wayne-bryant	Wayne Bryant	1
white-boy-2	White Boy #2	1
white-boy-evans	White Boy Evans	1
will-hobbs	Will Hobbs	1
willard-fillmore	Willard Fillmore	1
willis-williams	Willis Williams	1
xavier-wooods	Xavier Wooods	1
xia	Xia	1
zac-evans	Zac Evans	1
zachary-wentz	Zachary Wentz	1
zak-zodiac	Zak Zodiac	1
