source	reason	title
wwevault	2 ppv candidates	FULL MATCH: Sami Zayn vs. Karrion Kross: SummerSlam 2025
wwevault	3 ppv candidates	FULL MATCH: Bobby Lashley vs. Omos: WrestleMania Backlash 2022
wwevault	3 ppv candidates	FULL MATCH: Roman Reigns vs. Cesaro | Universal Title Match: WrestleMania Backlash 2021
wwevault	2 ppv candidates	FULL MATCH: Brock Lesnar vs. Bray Wyatt & Luke Harper: WWE Roadblock 2016
wwevault	2 ppv candidates	FULL MATCH: John Cena vs. Triple H: Greatest Royal Rumble 2018
wwevault	2 ppv candidates	FULL MATCH: Seth Rollins vs. The Miz vs. Finn Bálor vs. Samoa Joe: Greatest Royal Rumble 2018
wwevault	2 ppv candidates	FULL MATCH: Batista vs. Great Khali | World Heavyweight Title Punjabi Prison Match: No Mercy 2007
wwevault	2 ppv candidates	FULL MATCH: Brock Lesnar vs. Undertaker | WWE Title Hell in a Cell Match: No Mercy 2002
wwevault	2 ppv candidates	FULL MATCH: Triple H vs. Dean Ambrose – WWE Title Match: WWE Roadblock 2016
wwevault	2 ppv candidates	FULL MATCH: Batista vs. Eddie Guerrero — World Heavyweight Title Match: WWE No Mercy 2005
wwevault	2 ppv candidates	FULL MATCH: Undertaker vs. Ortons — Handicap Casket Match: WWE No Mercy 2005
momoicon	2 ppv candidates	Chris Jericho Last Match In WWE: WWE Greatest Royal Rumble 2018 HD (Highlights)
wfattitude	2 candidates	Jazz vs. Bubba Ray Dudley - Hardcore Championship | WWF RAW (2002)
wfattitude	3 candidates	NWO vs. Bradshaw & Stone Cold - Ric Flair Special Guest Referee | WWF RAW (2002)
wfattitude	2 candidates	Brock Lesnar vs. Shawn Stasiak | WWF RAW (2002)
wfattitude	3 candidates	Jeff Hardy vs. Eddie Guerrero - Intercontinental Championship | WWF RAW (2002)
wfattitude	2 candidates	NWO vs. Big Show & Stone Cold | WWF RAW (2002) 2
wfattitude	2 candidates	NWO vs. Big Show & Stone Cold | WWF RAW (2002) 1
wfattitude	2 candidates	Brock Lesnar vs. Matt Hardy | WWF RAW (2002)
wfattitude	16 candidates	Molly Holly vs. Trish Stratus - #1 Contender Match | WWF RAW (2002)
wfattitude	2 candidates	Bubba Ray Dudley vs. Raven - Hardcore Championship | WWF RAW (2002)
wfattitude	6 candidates	Scott Hall vs. Stone Cold | WWF RAW (2002) 2
wfattitude	6 candidates	Scott Hall vs. Stone Cold | WWF RAW (2002) 1
wfattitude	16 candidates	Trish Stratus vs. Molly Holly | WWF RAW (2002)
wfattitude	3 candidates	RVD vs. Undertaker | WWF RAW (2002)
wfattitude	2 candidates	X-Pac vs. Kane | WWF RAW (2002)
wfattitude	2 candidates	Kane vs. X-Pac | WWF RAW (2002)
wfattitude	3 candidates	Terri vs. Trish Stratus - Paddle on a Pole Bikini Match | WWF RAW (2002)
wfattitude	2 candidates	Bubba Ray Dudley vs. Raven - Hardcore Championship | WWF RAW (2002)
wfattitude	6 candidates	RVD vs. Booker T - Intercontinental Championship | WWF RAW (2002)
wfattitude	2 candidates	Hulk Hogan & The Rock vs. NWO | WWF RAW (2002)
wfattitude	4 candidates	Trish Stratus vs. Ivory | WWF RAW (2002)
wfattitude	2 candidates	Kevin Nash & Scott Hall vs. Hulk Hogan & The Rock | WWF RAW (2002)
wfattitude	2 candidates	Trish Stratus vs. Lita | WWF RAW (2002)
wfattitude	3 candidates	The Rock & Stone Cold vs. NWO - Handicap Match | WWF RAW (2002) 2
wfattitude	3 candidates	The Rock & Stone Cold vs. NWO - Handicap Match | WWF RAW (2002) 1
wfattitude	3 candidates	Triple H vs. Kurt Angle - Steel Cage Match | WWF RAW (2002) 2
wfattitude	3 candidates	Triple H vs. Kurt Angle - Steel Cage Match | WWF RAW (2002) 1
wfattitude	7 candidates	Trish Stratus vs. Jazz - Women's Championship | WWF RAW (2002)
wfattitude	3 candidates	Stone Cold vs. Booker T | WWF RAW (2002)
wfattitude	2 candidates	Kurt Angle vs. Chris Jericho - Undisputed Championship | WWF RAW (2002) 2
wfattitude	2 candidates	Kurt Angle vs. Chris Jericho - Undisputed Championship | WWF RAW (2002) 1
wfattitude	3 candidates	Kurt Angle vs. Triple H - #1 Contender Match | WWF RAW (2002) 2
wfattitude	3 candidates	Kurt Angle vs. Triple H - #1 Contender Match | WWF RAW (2002) 1
wfattitude	3 candidates	Undertaker vs. Stone Cold | WWF RAW (2002)
wfattitude	7 candidates	Trish Stratus vs. Jazz - Women's Championship | WWF RAW (2002)
wfattitude	7 candidates	RVD vs. Bubba Ray Dudley | WWF RAW (2002)
wfattitude	5 candidates	Booker T vs. Triple H | WWF RAW (2002)
wfattitude	5 candidates	Booker T vs. Triple H | WWF RAW (2002)
wfattitude	2 candidates	Kane vs. Big Show | WWF RAW (2002)
wfattitude	3 candidates	Edge vs. William Regal - Intercontinental Championship | WWF RAW (2002)
wfattitude	2 candidates	Kurt Angle vs. Kane | WWF RAW (2002)
wfattitude	2 candidates	Jacqueline vs. Jazz | WWF RAW (2002)
wfattitude	14 candidates	Bubba Ray Dudley vs. Spike Dudley | WWF RAW (2002)
wfattitude	3 candidates	Terri vs. Trish Stratus - Wet T-Shirt Contest | WWF RAW (2002)
wfattitude	5 candidates	Stacy Keibler vs. Torrie Wilson - Eggnog Match | WWF RAW (2001)
wfattitude	4 candidates	A.P.A. vs. Billy Gunn & Chuck Palumbo | WWF RAW (2001)
wfattitude	3 candidates	Big Show & Tajiri w/ Torrie Wilson vs. Billy Gunn & Chuck Palumbo | WWF RAW (2001)
wfattitude	2 candidates	The Rock vs. Lance Storm | WWF RAW (2001)
wfattitude	3 candidates	Kurt Angle vs. Rikishi | WWF RAW (2001)
wfattitude	8 candidates	Chris Jericho vs. Stone Cold | WWF RAW (2001)
wfattitude	6 candidates	Kane vs. Bubba Ray Dudley w/ Stacy Keibler & D-Von Dudley | WWF RAW (2001)
wfattitude	2 candidates	Chris Jericho & Kurt Angle vs. The Rock & Kane | WWF RAW (2001) 2
wfattitude	2 candidates	Chris Jericho & Kurt Angle vs. The Rock & Kane | WWF RAW (2001) 1
wfattitude	11 candidates	The Rock vs. Kurt Angle - World Championship | WWF RAW (2001)
wfattitude	3 candidates	Lita vs. Trish Stratus - Women's Championship | WWF RAW (2001)
wfattitude	2 candidates	William Regal vs. The Rock - WCW Championship | WWF RAW (2001)
wfattitude	3 candidates	Undertaker vs. RVD - Hardcore Championship | WWF RAW (2001)
wfattitude	11 candidates	The Rock vs. Y2J - WCW Championship | WWF RAW (2001) 2
wfattitude	11 candidates	The Rock vs. Y2J - WCW Championship | WWF RAW (2001) 1
wfattitude	3 candidates	Undertaker vs. Kurt Angle - WCW U.S. Championship | WWF RAW (2001) 2
wfattitude	3 candidates	Undertaker vs. Kurt Angle - WCW U.S. Championship | WWF RAW (2001) 1
wfattitude	2 candidates	Stacy Keibler vs. Lita | WWF RAW (2001)
wfattitude	2 candidates	RVD vs. The Big Show - Hardcore Championship | WWF RAW (2001)
wfattitude	2 candidates	Booker T & Stone Cold vs. Undertaker & Kurt Angle | WWF RAW (2001) 2
wfattitude	2 candidates	Booker T & Stone Cold vs. Undertaker & Kurt Angle | WWF RAW (2001) 1
wfattitude	4 candidates	RVD vs. The Rock | WWF RAW (2001)
wfattitude	2 candidates	RVD & Shane McMahon vs. Y2J & The Rock | WWF RAW (2001)
ruthless	11 candidates	Booker T vs. Christian | WWE RAW (2003)
ruthless	5 candidates	Triple H vs. Booker T - World Championship | WWE RAW (2003) 2
ruthless	5 candidates	Triple H vs. Booker T - World Championship | WWE RAW (2003) 1
ruthless	16 candidates	Test & Scott Steiner vs. 3-Minute Warning | WWE RAW (2003)
ruthless	2 candidates	Chris Jericho vs. The Hurricane | WWE RAW (2003)
ruthless	3 candidates	RVD & Kane vs. Lance Storm & Chief Morley - Tag Team Championship | WWE RAW (2003)
ruthless	4 candidates	Trish Stratus & Ivory vs. Victoria & Jazz | WWE RAW (2003)
ruthless	7 candidates	Test vs. Chris Jericho | WWE RAW (2003)
ruthless	3 candidates	Kane vs. Dudley Boyz | WWE RAW (2003)
ruthless	2 candidates	The Rock vs. Jeff Hardy | WWE RAW (2003) 1
ruthless	9 candidates	Trish Stratus vs. Jazz - Women's Championship | WWE RAW (2003)
ruthless	3 candidates	Jeff Hardy vs. Steven Richards | WWE RAW (2003)
ruthless	8 candidates	Chris Jericho vs. Booker T | WWE RAW (2003)
ruthless	3 candidates	Triple H vs. The Hurricane | WWE RAW (2003)
ruthless	5 candidates	Scott Steiner vs. Christian | WWE RAW (2003)
ruthless	2 candidates	Triple H vs. Goldust | WWE RAW (2003)
ruthless	4 candidates	The Hurricane vs. Rodney Mack | WWE RAW (2003)
ruthless	3 candidates	RVD & Kane vs. Chief Morley & Lance Storm | WWE RAW (2003)
ruthless	2 candidates	The Rock vs. The Hurricane | WWE RAW (2003)
ruthless	3 candidates	Triple H vs. Maven | WWE RAW (2003)
ruthless	4 candidates	RVD & Kane vs. Chris Jericho & Christian | WWE RAW (2003)
ruthless	3 candidates	Trish Stratus & Jacqueline vs. Victoria & Jazz | WWE RAW (2003)
ruthless	2 candidates	Jerry Lawler vs. Chief Morley | WWE RAW (2003)
ruthless	2 candidates	Scott Steiner & Booker T vs. Randy Orton & Batista | WWE RAW (2003)
ruthless	5 candidates	Kane vs. Lance Storm | WWE RAW (2003)
ruthless	3 candidates	Jacqueline & Molly Holly vs. Victoria & Jazz | WWE RAW (2003)
ruthless	4 candidates	RVD & Kane vs. William Regal & Lance Storm | WWE RAW (2003)
ruthless	2 candidates	Batista vs. Tommy Dreamer | WWE RAW (2003)
ruthless	20 candidates	RVD & Kane vs. 3-Minute Warning | WWE RAW (2003)
ruthless	4 candidates	Molly Holly vs. Jazz | WWE RAW (2003)
ruthless	5 candidates	Chris Jericho vs. Scott Steiner | WWE RAW (2003) 2
ruthless	5 candidates	Chris Jericho vs. Scott Steiner | WWE RAW (2003) 1
ruthless	20 candidates	Kane vs. RVD | WWE RAW (2003)
ruthless	10 candidates	Victoria vs. Molly Holly | WWE RAW (2003)
ruthless	2 candidates	Dudley Boyz vs. William Regal & Lance Storm | WWE RAW (2003)
ruthless	4 candidates	Batista vs. Scott Steiner | WWE RAW (2003)
ruthless	7 candidates	Test vs. Chris Jericho | WWE RAW (2003)
ruthless	2 candidates	Jeff Hardy vs. RVD | WWE RAW (2003)
ruthless	2 candidates	RVD vs. Kane vs. Batista vs. Chris Jericho - Over the Top Rope Challenge | WWE RAW (2003)
ruthless	5 candidates	Trish Stratus vs. Jacqueline vs. Victoria - Hardcore Women's Title Triple Threat | WWE RAW (2003)
ruthless	3 candidates	Test vs. D'Lo Brown | WWE RAW (2002)
ruthless	5 candidates	RVD & Kane vs. 3 Minute Warning | WWE RAW (2002)
ruthless	7 candidates	Chris Jericho vs. Booker T | WWE RAW (2002)
ruthless	2 candidates	Triple H vs. Jeff Hardy | WWE RAW (2002)
ruthless	2 candidates	RVD vs. Batista | WWE RAW (2002)
ruthless	5 candidates	Triple H vs. RVD - #1 Contender Match | WWE RAW (2002) 2
ruthless	5 candidates	Triple H vs. RVD - #1 Contender Match | WWE RAW (2002) 1
ruthless	3 candidates	Jacqueline vs. Victoria | WWE RAW (2002)
ruthless	7 candidates	Booker T vs. Chris Jericho | WWE RAW (2002) 2
ruthless	7 candidates	Booker T vs. Chris Jericho | WWE RAW (2002) 1
ruthless	4 candidates	Trish Stratus vs. Ivory | WWE RAW (2002)
ruthless	2 candidates	Kane vs. Batista | WWE RAW (2002)
ruthless	10 candidates	Trish Stratus vs. Victoria | WWE RAW (2002)
ruthless	2 candidates	Dudley Boyz vs. Chris Jericho & Christian - Tag Team Championship | WWE RAW (2002) 2
ruthless	2 candidates	Dudley Boyz vs. Chris Jericho & Christian - Tag Team Championship | WWE RAW (2002) 1
ruthless	2 candidates	Ric Flair vs. Kane | WWE RAW (2002)
ruthless	5 candidates	Triple H vs. Booker T | WWE RAW (2002)
ruthless	2 candidates	RVD & Kane vs. Chris Jericho & Christian | WWE RAW (2002) 2
ruthless	2 candidates	RVD & Kane vs. Chris Jericho & Christian | WWE RAW (2002)
ruthless	4 candidates	Trish Stratus vs. Ivory | WWE RAW (2002)
ruthless	6 candidates	3 Minute Warning vs. Jeff Hardy & Bubba Ray Dudley | WWE RAW (2002)
ruthless	3 candidates	Triple H vs. Kane - Casket Match | WWE RAW (2002) 2
ruthless	3 candidates	Triple H vs. Kane - Casket Match | WWE RAW (2002) 1
ruthless	4 candidates	Trish Stratus vs. Jacqueline vs. Molly Holly - Women's Championship | WWE RAW (2002)
ruthless	2 candidates	Chris Jericho & Christian vs. Bubba Ray Dudley & Jeff Hardy | WWE RAW (2002)
ruthless	3 candidates	D'Lo Brown vs. Test | WWE RAW (2002)
ruthless	5 candidates	Triple H vs. RVD - Canadian Lumberjack Match | WWE RAW (2002) 2
ruthless	5 candidates	Triple H vs. RVD - Canadian Lumberjack Match | WWE RAW (2002) 1
ruthless	9 candidates	Booker T vs. Big Show - Falls Count Anywhere Match | WWE RAW (2002)
ruthless	2 candidates	Victoria & Molly Holly vs. Jacqueline & Trish Stratus | WWE RAW (2002)
ruthless	5 candidates	Stacy Keibler vs. Trish Stratus - Bra & Panties Paddle on a Pole Match | WWE RAW (2002)
ruthless	4 candidates	Goldust vs. William Regal - Las Vegas Showgirl Match | WWE RAW (2002)
ruthless	9 candidates	Booker T vs. Big Show - Steel Cage Match | WWE RAW (2002)
ruthless	5 candidates	Kane vs. Chris Jericho - Intercontinental  Championship | WWE RAW (2002) 2
ruthless	5 candidates	Kane vs. Chris Jericho - Intercontinental Championship | WWE RAW (2002) 1
ruthless	10 candidates	Victoria vs. Trish Stratus - Women's Championship | WWE RAW (2002)
ruthless	4 candidates	Jeff Hardy vs. Big Show | WWE RAW (2002)
ruthless	15 candidates	Booker T & Goldust vs. 3 Minute Warning | WWE RAW (2002)
ruthless	4 candidates	Chris Jericho vs. Goldust | WWE RAW (2002)
ruthless	3 candidates	Trish Stratus vs. Victoria vs. Molly Holly - Women's Championship | WWE RAW (2002)
ruthless	2 candidates	Triple H vs. Jeff Hardy - World Championship | WWE RAW (2002)
ruthless	7 candidates	Chris Jericho vs. RVD - Intercontinental Championship | WWE RAW (2002)
ruthless	14 candidates	Un-Americans vs. Spike Dudley & Bubba Ray Dudley | WWE RAW (2002)
ruthless	4 candidates	Booker T & Goldust vs. William Regal & Test | WWE RAW (2002)
ruthless	3 candidates	Steven Richards vs. Bubba Ray Dudley | WWE RAW (2002)
ruthless	2 candidates	Kane & Bradshaw vs. Un-Americans | WWE RAW (2002) 2
ruthless	2 candidates	Stacy Keibler vs. Terri - Lingerie Pillow Fight | WWE RAW (2002)
ruthless	3 candidates	Lance Storm & Christian vs. Kane - Handicap Match | WWE RAW (2002)
ruthless	4 candidates	Ric Flair vs. Triple H - World Championship | WWE RAW (2002) 2
ruthless	4 candidates	Ric Flair vs. Triple H - World Championship | WWE RAW (2002) 1
ruthless	3 candidates	Trish Stratus & Bubba Ray Dudley vs. Molly Holly & Chris Nowinski | WWE RAW (2002)
ruthless	2 candidates	Triple H vs. Undertaker - #1 Contender Match | WWE RAW (2002) 2
ruthless	2 candidates	Triple H vs. Undertaker - #1 Contender Match | WWE RAW (2002) 1
ruthless	3 candidates	RVD vs. Tommy Dreamer - Intercontinental & Hardcore Title Unification Match | WWE RAW (2002)
ruthless	4 candidates	Chris Jericho vs. Jeff Hardy | WWE RAW (2002) 2
ruthless	4 candidates	Chris Jericho vs. Jeff Hardy | WWE RAW (2002) 1
ruthless	14 candidates	Bubba Ray Dudley & Spike Dudley vs. Chris Nowinski & William Regal w/ Molly Holly | WWE RAW (2002)
ruthless	3 candidates	Triple H vs. The Rock | WWE RAW (2002) 2
ruthless	3 candidates	Triple H vs. The Rock | WWE RAW (2002) 1
ruthless	2 candidates	Booker T, Goldust & Undertaker vs. Un-Americans | WWE RAW (2002)
ruthless	5 candidates	Trish Stratus vs. Stacy Keibler - Bra & Panties Mud Match | WWE RAW (2002)
ruthless	3 candidates	Tommy Dreamer vs. Steven Richards - Hardcore Championship | WWE RAW (2002)
ruthless	4 candidates	Lance Storm vs. Booker T | WWE RAW (2002)
ruthless	2 candidates	Trish Stratus & Spike Dudley vs. Molly Holly & Chris Nowinski | WWE RAW (2002)
ruthless	7 candidates	Chris Jericho vs. RVD | WWE RAW (2002)
ruthless	10 candidates	Trish Stratus vs. Victoria | WWE RAW (2002)
ruthless	2 candidates	Tommy Dreamer vs. Bradshaw - Hardcore Championship | WWE RAW (2002)
ruthless	4 candidates	Big Show vs. Bubba Ray Dudley - Table Match | WWE RAW (2002)
ruthless	2 candidates	Jeff Hardy vs. Bradshaw - Hardcore Championship | WWE RAW (2002)
ruthless	4 candidates	Booker T vs. Eddie Guerrero | WWE RAW (2002)
ruthless	3 candidates	Big Show vs. Spike Dudley | WWE RAW (2002)
ruthless	9 candidates	Booker T vs. Big Show | WWE RAW (2002)
ruthless	16 candidates	Trish Stratus vs. Molly Holly - Women's Championship | WWE RAW (2002)
ruthless	6 candidates	Jeff Hardy vs. William Regal - European Championship | WWE RAW (2002)
ruthless	4 candidates	Booker T vs. Eddie Guerrero | WWE RAW (2002)
ruthless	9 candidates	Booker T vs. Big Show | WWE RAW (2002)
ruthless	3 candidates	Bubba Ray Dudley & Spike Dudley vs. Eddie Guerrero & Chris Benoit | WWE RAW (2002)
ruthless	2 candidates	Brock Lesnar vs. Ric Flair | WWE RAW (2002) 2
ruthless	2 candidates	X-Pac & Big Show vs. Booker T & Goldust | WWE RAW (2002)
ruthless	2 candidates	Jeff Hardy vs. Undertaker | WWE RAW (2002)
ruthless	5 candidates	Bubba Ray Dudley vs. Eddie Guerrero | WWE RAW (2002)
ruthless	2 candidates	RVD vs. X-Pac - KOTR Quarter Final Match | WWE RAW (2002)
ruthless	3 candidates	Bubba Ray Dudley vs. Brock Lesnar - KOTR Qualifiers | WWE RAW (2002)
ruthless	16 candidates	Trish Stratus vs. Molly Holly | WWE RAW (2002)
ruthless	2 candidates	Ric Flair vs. Stone Cold | WWE RAW (2002) 2
ruthless	2 candidates	Ric Flair vs. Stone Cold | WWE RAW (2002) 1
ruthless	3 candidates	Trish Stratus vs. Terri - Lingerie Match | WWE RAW (2002)
ruthless	2 candidates	Bradshaw vs. Steven Richards - Hardcore Championship | WWE RAW (2002)
ruthless	3 candidates	Big Show vs. Bradshaw | WWE RAW (2002)
ruthless	3 candidates	Brock Lesnar vs. Bubba Ray Dudley | WWE RAW (2002)
ruthless	3 candidates	RVD vs. Undertaker - Undisputed Championship | WWE RAW (2002)
ruthless	5 candidates	Trish Stratus vs. Jacqueline - Women's Championship | WWE RAW (2002)
ruthless	3 candidates	Stone Cold vs. Booker T - Lumberjack Match | WWE RAW (2002)
ruthless	2 candidates	NWO vs. Ric Flair, Brasdshaw & Stone Cold | WWE RAW (2002) 2
ruthless	2 candidates	NWO vs. Ric Flair, Brasdshaw & Stone Cold | WWE RAW (2002) 1
ruthless	2 candidates	Shawn Stasiak vs. Brock Lesnar | WWE RAW (2002)
wshows	2 ppv candidates	WWE NO MERCY 2001 FULL SHOW PART 2
wshows	2 ppv candidates	WWE NO MERCY 2002 FULL SHOW PART 2
wshows	2 ppv candidates	WWE NO MERCY 2002 FULL SHOW PART 1
